8.8.8.8,hash,-553166942
8.8.8.8,opts,{}
8.8.8.8,timestamp,2024-07-17T10:16:39.950269
8.8.8.8,isp,Google LLC
8.8.8.8,data,"
Recursion: enabled"
8.8.8.8,_shodan,"{'region': 'na', 'module': 'dns-tcp', 'ptr': True, 'options': {}, 'id': 'd9c3e08c-ce10-4e33-92e0-b20728c0ec00', 'crawler': 'd89a99e2d29a6c9d44f01585e74209a6c7d174c7'}"
8.8.8.8,port,53
8.8.8.8,hostnames,['dns.google']
8.8.8.8,location,"{'city': 'Mountain View', 'region_code': 'CA', 'area_code': None, 'longitude': -122.0775, 'country_name': 'United States', 'country_code': 'US', 'latitude': 37.4056}"
8.8.8.8,dns,"{'resolver_hostname': None, 'recursive': True, 'resolver_id': None, 'software': None}"
8.8.8.8,ip,134744072
8.8.8.8,domains,['dns.google']
8.8.8.8,org,Google LLC
8.8.8.8,os,None
8.8.8.8,asn,AS15169
8.8.8.8,transport,tcp
8.8.8.8,ip_str,8.8.8.8
8.8.8.8,opts,{'raw': '34ef81820001000000000000026964067365727665720000100003'}
8.8.8.8,timestamp,2024-07-17T11:55:23.442113
8.8.8.8,_shodan,"{'region': 'eu', 'module': 'dns-udp', 'ptr': True, 'options': {}, 'id': 'e98c355b-7f38-4f54-bbf6-73972566ae55', 'crawler': 'bf213bc419cc8491376c12af31e32623c1b6f467'}"
8.8.8.8,transport,udp
8.8.8.8,http,"{'status': 200, 'robots_hash': None, 'redirects': [{'host': '8.8.8.8', 'data': 'HTTP/1.1 302 Found\r\nX-Content-Type-Options: nosniff\r\nAccess-Control-Allow-Origin: *\r\nLocation: https://dns.google/\r\nDate: Wed, 17 Jul 2024 09:03:04 GMT\r\nContent-Type: text/html; charset=UTF-8\r\nServer: HTTP server (unknown)\r\nContent-Length: 216\r\nX-XSS-Protection: 0\r\nX-Frame-Options: SAMEORIGIN\r\nAlt-Svc: h3="":443""; ma=2592000,h3-29="":443""; ma=2592000\r\n\r\n', 'location': '/'}], 'securitytxt': None, 'title': 'Google Public DNS', 'sitemap_hash': None, 'html_hash': 1420002272, 'robots': None, 'favicon': {'hash': 56641965, 'data': 'iVBORw0KGgoAAAANSUhEUgAAAIAAAACACAMAAAD04JH5AAABa1BMVEUAAAA0p100qFM0qFY1pW81\npmg1p141p2M2pHw2pH02pXU3oYs3ook4n5k4oY85np86m6s6m6w7mLo7mLs7mbY7mbc7p1M8lcQ8\nlsM+ks4+ks8+oYo/j9g/j9k/kNg/p1NAiudAi+VAjOFAjeBBh+9BiO1BietChfRChvJEhfRIhvNI\npVJJonNKhPJMhPJMpVJRkcdTh/BXo1FZie5ag+xeie1fhORmlZ5on1Bsnk90juV4m05+jOCAmE2D\ngMuMkdmNk0yQkkuQlNeWltSXj0qliEiubLqvgka0f0W1lbm4m7e7mrS9eUPBdkLHcEDOm5vSZj3S\noJXTZD3UoJLZXTvdWTrgonzhUzjkTjflp3LmSjfoRjboRzbqQzXqRDXqRTXqRjXqRzXsYDHtYjHt\nYzHtqlruqlfveSzveizweyzwr0/yjSbyjib1nSD1nh/1nx/3tSz4rBf4rRb4tyb6uQn6uQr6uhn7\nugj7vAU/At79AAAAAXRSTlMAQObYZgAAArlJREFUeNrt2PVz1EAYxvFlcSnFXQoUXgoUdyvu7ra4\nFy22fz53NJ27Xmx38z7vwpHnl860yXw/c9PJJVGqXuXp9KLGBRG6bHHrWIJ2XeQ8iKB1VIH2Xuw+\nryCkr7dH7vcSRe3PWE9cgqD+xJVETIKgvp5PxCQI68/eyAUI60/uI+IRhPX1MmICBPbnEjEJnC52\nqd9O7+cCuF9p2/8wZS3hAUXHLiZiEnh+zSR/7CE4oPD4SRvYAP7fss1L8AoCA0pOWUjEJQi5y9DL\nB+MC1F4CA8pOIj5A4G1elwNUDfjfAaoGhAGUJAB8Ja4BQX3JL0PO/l8K0P59QQBv31tAJAPQYn2v\n5yIC9D2eDImkAe0EIlTf4fXEPiJkvxSwZTe2XyZIXgUC+yWCefh+oWDmoEBfHXd5FQjsK3V5Ww5g\nqUxfqdtHMvtzhPJKmYfnVqf70/qF+qa5Gwc6+xPWyfRNsgenOwBLZP4BTGtXdrb3ewYkLgFm3O4e\na/XTrwIRAtOxx5c2j12CVxHhBSa9W4dGAQuI8AKTtUdnFzX6s7YSXmBydm2/nrqG8ACTu3unjhLB\nBaZoRHBBYd+caT/08CYAoDCfPvz1navnh3ZwCnzqf2Yb+/Kq6djFAfDNJ4LRfXt//+bFE3uqCAL6\n4whjjusXTh4cYASUnWaz9lOunyOwcn0swOlUIEDJASp8ANkCwQ+gOwCV+pmCbgCoGiAIqNiPDrA1\nIDLAdinACPb/bQDPHRnz/ZgggKkffEdmsQAj1g8EWD6ACngutJx9/ydTa4UA2QTL3S9+O+JThwBa\nisbPr5i+gyDZR1DfGTAM6jsL3sQGPEf1XQVPfqD6roIRWN9R8AnXdxMM4/JugrfIvovgBbTvIHj6\nHZl3EYxg++WEz+B8KeEDPF8ieIfPFxteStSLDM9+ydTzEapelf0GmFdLbOXMqToAAAAASUVORK5C\nYII=\n', 'location': 'https://dns.google:443/static/93dd5954/favicon.png'}, 'headers_hash': 818523308, 'host': 'dns.google', 'html': '<!DOCTYPE html>\n<html lang=""en""> <head> <title>Google Public DNS</title>  <meta charset=""UTF-8""> <link href=""/static/93dd5954/favicon.png"" rel=""shortcut icon"" type=""image/png""> <link href=""/static/e6eca759/matter.min.css"" rel=""stylesheet""> <link href=""/static/b8536c37/shared.css"" rel=""stylesheet""> <meta name=""viewport"" content=""width=device-width, initial-scale=1"">  <link href=""/static/d05cd6ba/root.css"" rel=""stylesheet""> </head> <body> <span class=""filler top""></span>   <div class=""logo"" title=""Google Public DNS""> <div class=""logo-text""><span>Public DNS</span></div> </div>  <form action=""/query"" method=""GET"">  <div class=""row""> <label class=""matter-textfield-outlined""> <input type=""text"" name=""name"" placeholder=""&nbsp;""> <span>DNS Name</span> <p class=""help""> Enter a domain (like example.com) or IP address (like 8.8.8.8 or 2001:4860:4860::8844) here. </p> </label> <button class=""matter-button-contained matter-primary"" type=""submit"">Resolve</button> </div> </form>  <span class=""filler bottom""></span> <footer class=""row""> <a href=""https://developers.google.com/speed/public-dns"">Help</a> <a href=""/cache"">Cache Flush</a> <span class=""filler""></span> <a href=""https://developers.google.com/speed/public-dns/docs/using""> Get Started with Google Public DNS </a> </footer>   <script nonce=""pIMXjVbraXIyP-EKmRdhqQ"">document.forms[0].name.focus();</script> </body> </html>', 'location': '/', 'components': {}, 'server': 'scaffolding on HTTPServer2', 'sitemap': None, 'securitytxt_hash': None}"
8.8.8.8,opts,"{'vulns': [], 'heartbleed': '2024/07/17 09:03:07 8.8.8.8:443 - SAFE\n'}"
8.8.8.8,timestamp,2024-07-17T09:03:04.395312
8.8.8.8,data,"HTTP/1.1 200 OK
Content-Security-Policy: object-src 'none';base-uri 'self';script-src 'nonce-pIMXjVbraXIyP-EKmRdhqQ' 'strict-dynamic' 'report-sample' 'unsafe-eval' 'unsafe-inline' https: http:;report-uri https://csp.withgoogle.com/csp/honest_dns/1_0;frame-ancestors 'none'
Strict-Transport-Security: max-age=31536000; includeSubDomains; preload
X-Content-Type-Options: nosniff
Content-Type: text/html; charset=UTF-8
Date: Wed, 17 Jul 2024 09:03:04 GMT
Server: scaffolding on HTTPServer2
Cache-Control: private
X-XSS-Protection: 0
X-Frame-Options: SAMEORIGIN
Alt-Svc: h3="":443""; ma=2592000,h3-29="":443""; ma=2592000
Accept-Ranges: none
Vary: Accept-Encoding
Transfer-Encoding: chunked

"
8.8.8.8,_shodan,"{'id': '7f5c0008-45ff-459b-843b-1a6dd8de2dfb', 'region': 'na', 'options': {'scan': '6OLCfLV4UV7Rgk1J'}, 'module': 'https', 'crawler': '7b501725715d33cda563c0465bb3001da0cfdd2c'}"
8.8.8.8,port,443
8.8.8.8,ssl,"{'chain_sha256': ['f5b58b959d31c752b53fd1b61523778f11f19035e72ba1448fba6b1ff2c70172', 'e6fe22bf45e4f0d3b85c59e02c0f495418e1eb8d3210f788d48cd5e1cb547cd4', '3ee0278df71fa3c125c4cd487f01d774694e6fc57e0cd94c24efd769133918e5'], 'jarm': '29d3fd00029d29d00042d43d00041d598ac0c1012db967bb1ad0ff2491b3ae', 'chain': ['-----BEGIN CERTIFICATE-----\nMIIFszCCBJugAwIBAgIRAMgUwpMvODenEmSz/9simmgwDQYJKoZIhvcNAQELBQAw\nOzELMAkGA1UEBhMCVVMxHjAcBgNVBAoTFUdvb2dsZSBUcnVzdCBTZXJ2aWNlczEM\nMAoGA1UEAxMDV1IyMB4XDTI0MDYyNDA3NDI0OFoXDTI0MDkxNjA3NDI0N1owFTET\nMBEGA1UEAxMKZG5zLmdvb2dsZTCCASIwDQYJKoZIhvcNAQEBBQADggEPADCCAQoC\nggEBALnT5XoeTzH7RdUjKb5awaCAMUo9dTLAYpjjQ+VUjFEZPUhNWDhf0b1ocL++\nGNydLg+gllkkl7fspG7/LWbkksWLSxOVkXjQtGbr8X+qt8SfGFlUxchoOGxjU+8+\nI/zMsA+7HaEpBFZ85Ibhms170IQ016yv/27sCS5rFEnH2Fx0x1oq24MWrdimeOIF\nOtDBRQh31XuzwTXdehXtGXFV3xAkTp8ppe9VL46vkLK1tZymK9wpRUWgrWffUpcO\nPFLIfx0+w3Lgp/xQPB7rBDfk8/RXsbpGmyISqfw52404Op3iempxIP6LI6YY9g05\nMS2OGW0cAARQG8khepbi2CeDSn0CAwEAAaOCAtYwggLSMA4GA1UdDwEB/wQEAwIF\noDATBgNVHSUEDDAKBggrBgEFBQcDATAMBgNVHRMBAf8EAjAAMB0GA1UdDgQWBBR6\nqTchTpMZeliLAhARc3i3jkfLEDAfBgNVHSMEGDAWgBTeGx7teRXUPjckwyG77DQ5\nbUKyMDBYBggrBgEFBQcBAQRMMEowIQYIKwYBBQUHMAGGFWh0dHA6Ly9vLnBraS5n\nb29nL3dyMjAlBggrBgEFBQcwAoYZaHR0cDovL2kucGtpLmdvb2cvd3IyLmNydDCB\nrAYDVR0RBIGkMIGhggpkbnMuZ29vZ2xlgg5kbnMuZ29vZ2xlLmNvbYIQKi5kbnMu\nZ29vZ2xlLmNvbYILODg4OC5nb29nbGWCEGRuczY0LmRucy5nb29nbGWHBAgICAiH\nBAgIBASHECABSGBIYAAAAAAAAAAAiIiHECABSGBIYAAAAAAAAAAAiESHECABSGBI\nYAAAAAAAAAAAZGSHECABSGBIYAAAAAAAAAAAAGQwEwYDVR0gBAwwCjAIBgZngQwB\nAgEwNgYDVR0fBC8wLTAroCmgJ4YlaHR0cDovL2MucGtpLmdvb2cvd3IyL29RNm55\ncjhGMG0wLmNybDCCAQUGCisGAQQB1nkCBAIEgfYEgfMA8QB3AO7N0GTV2xrOxVy3\nnbTNE6Iyh0Z8vOzew1FIWUZxH7WbAAABkElpgmwAAAQDAEgwRgIhAKgXUsJt2g2D\nIfbvI8wafgSXgIRItq2ueLb+RetJn2YFAiEA2Q8ZjfcaHwfYTu2DrlT2xEAAhflz\nKRc8iWuhfZbcHYAAdgDf4VbrqgWvtZwPhnGNqMAyTq5W2W6n9aVqAdHBO75SXAAA\nAZBJaYM+AAAEAwBHMEUCICL5FNznX9R83QfyIPDAlBkRXJh/ZqRCAb7tzHlp04cs\nAiEA3LlKzdvIkdOqjHUjyit7uEO0irc+GgGY04nREO2ziOcwDQYJKoZIhvcNAQEL\nBQADggEBAF0g7AE1SuLdmjwBri0Lc+O9qemQ6QXmBIgZ5YjadyRrucWgPJU1gbwt\n8NFDcpWcpcL8k9CmSU1rMjUDTIIW6JIUmTBtxhhi7gc2hp9+gk1xt1hflc8HH4Ff\npzmriP8dKrGJ9AJrBrwWjB7KQRKbfQkT6MOOcPOBenlrsniLB0bCzdhFH1/dYa/E\nw1ce15kieWA5IHxrhgh9Y8skJtegzcmiSuTUOJ0sPfWUd3+XWRtAmT3IToqnzmyq\nf9uNUrlwAhnkoyONfy7h6wwkZ8e1rzxucR+Cimstuq67HTEWYD1xW/x6PsHUaj5V\nIPrp9fqULwSFmHlbtn+Kv86/ZLDFYt0=\n-----END CERTIFICATE-----\n', '-----BEGIN CERTIFICATE-----\nMIIFCzCCAvOgAwIBAgIQf/AFoHxM3tEArZ1mpRB7mDANBgkqhkiG9w0BAQsFADBH\nMQswCQYDVQQGEwJVUzEiMCAGA1UEChMZR29vZ2xlIFRydXN0IFNlcnZpY2VzIExM\nQzEUMBIGA1UEAxMLR1RTIFJvb3QgUjEwHhcNMjMxMjEzMDkwMDAwWhcNMjkwMjIw\nMTQwMDAwWjA7MQswCQYDVQQGEwJVUzEeMBwGA1UEChMVR29vZ2xlIFRydXN0IFNl\ncnZpY2VzMQwwCgYDVQQDEwNXUjIwggEiMA0GCSqGSIb3DQEBAQUAA4IBDwAwggEK\nAoIBAQCp/5x/RR5wqFOfytnlDd5GV1d9vI+aWqxG8YSau5HbyfsvAfuSCQAWXqAc\n+MGr+XgvSszYhaLYWTwO0xj7sfUkDSbutltkdnwUxy96zqhMt/TZCPzfhyM1IKji\naeKMTj+xWfpgoh6zySBTGYLKNlNtYE3pAJH8do1cCA8Kwtzxc2vFE24KT3rC8gIc\nLrRjg9ox9i11MLL7q8Ju26nADrn5Z9TDJVd06wW06Y613ijNzHoU5HEDy01hLmFX\nxRmpC5iEGuh5KdmyjS//V2pm4M6rlagplmNwEmceOuHbsCFx13ye/aoXbv4r+zgX\nFNFmp6+atXDMyGOBOozAKql2N87jAgMBAAGjgf4wgfswDgYDVR0PAQH/BAQDAgGG\nMB0GA1UdJQQWMBQGCCsGAQUFBwMBBggrBgEFBQcDAjASBgNVHRMBAf8ECDAGAQH/\nAgEAMB0GA1UdDgQWBBTeGx7teRXUPjckwyG77DQ5bUKyMDAfBgNVHSMEGDAWgBTk\nrysmcRorSCeFL1JmLO/wiRNxPjA0BggrBgEFBQcBAQQoMCYwJAYIKwYBBQUHMAKG\nGGh0dHA6Ly9pLnBraS5nb29nL3IxLmNydDArBgNVHR8EJDAiMCCgHqAchhpodHRw\nOi8vYy5wa2kuZ29vZy9yL3IxLmNybDATBgNVHSAEDDAKMAgGBmeBDAECATANBgkq\nhkiG9w0BAQsFAAOCAgEARXWL5R87RBOWGqtY8TXJbz3S0DNKhjO6V1FP7sQ02hYS\nTL8Tnw3UVOlIecAwPJQl8hr0ujKUtjNyC4XuCRElNJThb0Lbgpt7fyqaqf9/qdLe\nSiDLs/sDA7j4BwXaWZIvGEaYzq9yviQmsR4ATb0IrZNBRAq7x9UBhb+TV+PfdBJT\nDhEl05vc3ssnbrPCuTNiOcLgNeFbpwkuGcuRKnZc8d/KI4RApW//mkHgte8y0YWu\nryUJ8GLFbsLIbjL9uNrizkqRSvOFVU6xddZIMy9vhNkSXJ/UcZhjJY1pXAprffJB\nvei7j+Qi151lRehMCofa6WBmiA4fx+FOVsV2/7R6V2nyAiIJJkEd2nSi5SnzxJrl\nXdaqev3htytmOPvoKWa676ATL/hzfvDaQBEcXd2Ppvy+275W+DKcH0FBbX62xevG\niza3F4ydzxl6NJ8hk8R+dDXSqv1MbRT1ybB5W0k8878XSOjvmiYTDIfyc9acxVJr\nY/cykHipa+te1pOhv7wYPYtZ9orGBV5SGOJm4NrB3K1aJar0RfzxC3ikr7Dyc6Qw\nqDTBU39CluVIQeuQRgwG3MuSxl7zRERDRilGoKb8uY45JzmxWuKxrfwT/478JuHU\n/oTxUFqOl2stKnn7QGTq8z29W+GgBLCXSBxC9epaHM0myFH/FJlniXJfHeytWt0=\n-----END CERTIFICATE-----\n', '-----BEGIN CERTIFICATE-----\nMIIFYjCCBEqgAwIBAgIQd70NbNs2+RrqIQ/E8FjTDTANBgkqhkiG9w0BAQsFADBX\nMQswCQYDVQQGEwJCRTEZMBcGA1UEChMQR2xvYmFsU2lnbiBudi1zYTEQMA4GA1UE\nCxMHUm9vdCBDQTEbMBkGA1UEAxMSR2xvYmFsU2lnbiBSb290IENBMB4XDTIwMDYx\nOTAwMDA0MloXDTI4MDEyODAwMDA0MlowRzELMAkGA1UEBhMCVVMxIjAgBgNVBAoT\nGUdvb2dsZSBUcnVzdCBTZXJ2aWNlcyBMTEMxFDASBgNVBAMTC0dUUyBSb290IFIx\nMIICIjANBgkqhkiG9w0BAQEFAAOCAg8AMIICCgKCAgEAthECix7joXebO9y/lD63\nladAPKH9gvl9MgaCcfb2jH/76Nu8ai6Xl6OMS/kr9rH5zoQdsfnFl97vufKj6bwS\niV6nqlKr+CMny6SxnGPb15l+8Ape62im9MZaRw1NEDPjTrETo8gYbEvs/AmQ351k\nKSUjB6G00j0uYODP0gmHu81I8E3CwnqIiru6z1kZ1q+PsAewnjHxgsHA3y6mbWwZ\nDrXYfiYaRQM9sHmklCitD38m5agI/pboPGiUU+6DOogrFZYJsuB6jC511pzrp1Zk\nj5ZPaK49l8KEj8C8QMALXL32h7M1bKwYUH+E4EzNktMg6TO8UpmvMrUpsyUqtEj5\ncuHKZPfmghCN6J3Cioj6OGaK/GP5Afl4/Xtcd/p2h/rs37EOeZVXtL0m79YB0esW\nCruOC7XFxYpVq9Os6pFLKcwZpDIlTirxZUTQAs6qzkm06p98g7BAe+dDq6dso499\niYH6TKX/1Y7DzkvgtdizjkXPdsDtQCv9Uw+wp9U7DbGKogPeMa3Md+pvez7W35Ei\nEua++tgy/BBjFFFy3l3WFpO9KWgz7zpm7AeKJt8T11dleCfeXkkUAKIAf5qoIbap\nsZWwpbkNFhHax2xIPEDgfg1azVY80ZcFuctL7TlLnMQ/0lUTbiSw1nH69MG6zO0b\n9f6BQdgAmD06yK56mDcYBZUCAwEAAaOCATgwggE0MA4GA1UdDwEB/wQEAwIBhjAP\nBgNVHRMBAf8EBTADAQH/MB0GA1UdDgQWBBTkrysmcRorSCeFL1JmLO/wiRNxPjAf\nBgNVHSMEGDAWgBRge2YaRQ2XyolQL30EzTSo//z9SzBgBggrBgEFBQcBAQRUMFIw\nJQYIKwYBBQUHMAGGGWh0dHA6Ly9vY3NwLnBraS5nb29nL2dzcjEwKQYIKwYBBQUH\nMAKGHWh0dHA6Ly9wa2kuZ29vZy9nc3IxL2dzcjEuY3J0MDIGA1UdHwQrMCkwJ6Al\noCOGIWh0dHA6Ly9jcmwucGtpLmdvb2cvZ3NyMS9nc3IxLmNybDA7BgNVHSAENDAy\nMAgGBmeBDAECATAIBgZngQwBAgIwDQYLKwYBBAHWeQIFAwIwDQYLKwYBBAHWeQIF\nAwMwDQYJKoZIhvcNAQELBQADggEBADSkHrEoo9C0dhemMXoh6dFSPsjbdBZBiLg9\nNR3t5P+T4Vxfq7vqfM/b5A3Ri1fyJm9bvhdGaJQ3b2t6yMAYN/olUazsaL+yyEn9\nWprKASOshIArAoyZl+tJaox118fessmXn1hIVw41oeQa1v1vg4Fv74zPl6/AhSrw\n9U5pCZEt4Wi4wStz6dTZ/CLANx8LZh1J7QJVj2fhMtfTJr9w4z30Z209fOU0iOMy\n+qduBmpvvYuR7hZL6Dupszfnw0Skfths18dG9ZKb59UhvmaSGZRVbNQpsg3BZlvi\nd0lIKO2d1xozclOzgjXPYovJJIultzkMu34qQb9Sz/yilrbCgj8=\n-----END CERTIFICATE-----\n'], 'dhparams': None, 'versions': ['-TLSv1', '-SSLv2', '-SSLv3', '-TLSv1.1', 'TLSv1.2', 'TLSv1.3'], 'acceptable_cas': [], 'tlsext': [{'id': 51, 'name': 'key_share'}, {'id': 43, 'name': 'supported_versions'}], 'ja3s': '66e33336e3e99f75410126f42d44cc81', 'cert': {'sig_alg': 'sha256WithRSAEncryption', 'issued': '20240624074248Z', 'expires': '20240916074247Z', 'expired': False, 'version': 2, 'extensions': [{'critical': True, 'data': '\\x03\\x02\\x05\\xa0', 'name': 'keyUsage'}, {'data': '0\\n\\x06\\x08+\\x06\\x01\\x05\\x05\\x07\\x03\\x01', 'name': 'extendedKeyUsage'}, {'critical': True, 'data': '0\\x00', 'name': 'basicConstraints'}, {'data': '\\x04\\x14z\\xa97!N\\x93\\x19zX\\x8b\\x02\\x10\\x11sx\\xb7\\x8eG\\xcb\\x10', 'name': 'subjectKeyIdentifier'}, {'data': '0\\x16\\x80\\x14\\xde\\x1b\\x1e\\xedy\\x15\\xd4>7$\\xc3!\\xbb\\xec49mB\\xb20', 'name': 'authorityKeyIdentifier'}, {'data': '0J0!\\x06\\x08+\\x06\\x01\\x05\\x05\\x070\\x01\\x86\\x15http://o.pki.goog/wr20%\\x06\\x08+\\x06\\x01\\x05\\x05\\x070\\x02\\x86\\x19http://i.pki.goog/wr2.crt', 'name': 'authorityInfoAccess'}, {'data': '0\\x81\\xa1\\x82\\ndns.google\\x82\\x0edns.google.com\\x82\\x10*.dns.google.com\\x82\\x0b8888.google\\x82\\x10dns64.dns.google\\x87\\x04\\x08\\x08\\x08\\x08\\x87\\x04\\x08\\x08\\x04\\x04\\x87\\x10 \\x01H`H`\\x00\\x00\\x00\\x00\\x00\\x00\\x00\\x00\\x88\\x88\\x87\\x10 \\x01H`H`\\x00\\x00\\x00\\x00\\x00\\x00\\x00\\x00\\x88D\\x87\\x10 \\x01H`H`\\x00\\x00\\x00\\x00\\x00\\x00\\x00\\x00dd\\x87\\x10 \\x01H`H`\\x00\\x00\\x00\\x00\\x00\\x00\\x00\\x00\\x00d', 'name': 'subjectAltName'}, {'data': '0\\n0\\x08\\x06\\x06g\\x81\\x0c\\x01\\x02\\x01', 'name': 'certificatePolicies'}, {'data': ""0-0+\\xa0)\\xa0\\'\\x86%http://c.pki.goog/wr2/oQ6nyr8F0m0.crl"", 'name': 'crlDistributionPoints'}, {'data': '\\x04\\x81\\xf3\\x00\\xf1\\x00w\\x00\\xee\\xcd\\xd0d\\xd5\\xdb\\x1a\\xce\\xc5\\\\\\xb7\\x9d\\xb4\\xcd\\x13\\xa22\\x87F|\\xbc\\xec\\xde\\xc3QHYFq\\x1f\\xb5\\x9b\\x00\\x00\\x01\\x90Ii\\x82l\\x00\\x00\\x04\\x03\\x00H0F\\x02!\\x00\\xa8\\x17R\\xc2m\\xda\\r\\x83!\\xf6\\xef#\\xcc\\x1a~\\x04\\x97\\x80\\x84H\\xb6\\xad\\xaex\\xb6\\xfeE\\xebI\\x9ff\\x05\\x02!\\x00\\xd9\\x0f\\x19\\x8d\\xf7\\x1a\\x1f\\x07\\xd8N\\xed\\x83\\xaeT\\xf6\\xc4@\\x00\\x85\\xf9s)\\x17<\\x89k\\xa1}\\x96\\xdc\\x1d\\x80\\x00v\\x00\\xdf\\xe1V\\xeb\\xaa\\x05\\xaf\\xb5\\x9c\\x0f\\x86q\\x8d\\xa8\\xc02N\\xaeV\\xd9n\\xa7\\xf5\\xa5j\\x01\\xd1\\xc1;\\xbeR\\\\\\x00\\x00\\x01\\x90Ii\\x83>\\x00\\x00\\x04\\x03\\x00G0E\\x02 ""\\xf9\\x14\\xdc\\xe7_\\xd4|\\xdd\\x07\\xf2 \\xf0\\xc0\\x94\\x19\\x11\\\\\\x98\\x7ff\\xa4B\\x01\\xbe\\xed\\xccyi\\xd3\\x87,\\x02!\\x00\\xdc\\xb9J\\xcd\\xdb\\xc8\\x91\\xd3\\xaa\\x8cu#\\xca+{\\xb8C\\xb4\\x8a\\xb7>\\x1a\\x01\\x98\\xd3\\x89\\xd1\\x10\\xed\\xb3\\x88\\xe7', 'name': 'ct_precert_scts'}], 'fingerprint': {'sha256': 'f5b58b959d31c752b53fd1b61523778f11f19035e72ba1448fba6b1ff2c70172', 'sha1': 'cf3f6ac9e3072bc0d26b8ada280748b3599a0451'}, 'serial': 265953391542770627273841731706021911144, 'subject': {'CN': 'dns.google'}, 'pubkey': {'type': 'rsa', 'bits': 2048}, 'issuer': {'C': 'US', 'CN': 'WR2', 'O': 'Google Trust Services'}}, 'cipher': {'version': 'TLSv1.3', 'bits': 256, 'name': 'TLS_AES_256_GCM_SHA384'}, 'trust': {'revoked': False, 'browser': None}, 'handshake_states': ['before SSL initialization', 'SSLv3/TLS write client hello', 'SSLv3/TLS read server hello', 'TLSv1.3 read encrypted extensions', 'SSLv3/TLS read server certificate', 'TLSv1.3 read server certificate verify', 'SSLv3/TLS read finished', 'SSLv3/TLS write change cipher spec', 'SSLv3/TLS write finished', 'SSL negotiation finished successfully'], 'alpn': [], 'ocsp': {}}"
8.8.8.8,hash,1088404673
